czas,lead_id,zdarzenie,szczegoly
2026-09-21 08:14,L-001,import,z arkusza biura; handlowiec
2026-09-21 10:02,L-002,import,z arkusza biura; handlowiec
2026-09-21 16:47,L-003,import,z arkusza biura; bez_opiekuna
2026-09-22 07:55,L-004,import,z arkusza biura; handlowiec
2026-09-22 09:30,L-005,import,z arkusza biura; handlowiec
2026-09-22 12:12,L-006,import,z arkusza biura; handlowiec
2026-09-22 14:20,L-007,import,z arkusza biura; handlowiec
2026-09-23 08:05,L-008,import,z arkusza biura; handlowiec
2026-09-23 10:44,L-009,import,z arkusza biura; bez_opiekuna
2026-09-23 13:15,L-010,import,z arkusza biura; handlowiec
2026-09-24 07:40,L-011,import,z arkusza biura; handlowiec
2026-09-24 09:10,L-012,import,z arkusza biura; handlowiec
2026-09-24 11:25,L-013,import,z arkusza biura; bez_opiekuna
2026-09-24 15:50,L-014,import,z arkusza biura; handlowiec
2026-09-25 08:01,L-015,import,z arkusza biura; handlowiec
2026-09-25 08:09,L-016,import,z arkusza biura; handlowiec; pewny duplikat L-015 (telefon)
2026-09-25 12:30,L-017,import,z arkusza biura; handlowiec
2026-09-25 15:20,L-019,import,z arkusza biura; handlowiec
2026-09-26 09:45,L-018,import,z arkusza biura; handlowiec
2026-09-26 14:35,L-020,import,z arkusza biura; bez_opiekuna
2026-09-28 08:20,L-021,import,z arkusza biura; handlowiec
2026-09-28 10:05,L-022,import,z arkusza biura; handlowiec
2026-09-28 13:40,L-023,import,z arkusza biura; handlowiec; pewny duplikat L-007 (telefon)
2026-09-28 16:00,L-024,import,z arkusza biura; handlowiec
2026-09-29 07:30,L-025,import,z arkusza biura; handlowiec
2026-09-29 09:15,L-026,import,z arkusza biura; bez_opiekuna
2026-09-29 11:50,L-027,import,z arkusza biura; handlowiec
2026-09-30 08:00,L-028,import,z arkusza biura; handlowiec
2026-09-30 10:30,L-029,import,z arkusza biura; handlowiec
2026-09-30 13:05,L-030,import,z arkusza biura; handlowiec
2026-10-01 08:45,L-031,import,z arkusza biura; handlowiec
2026-10-01 10:10,L-032,import,z arkusza biura; handlowiec
2026-10-01 12:00,L-033,import,z arkusza biura; bez_opiekuna
2026-10-01 14:30,L-034,import,z arkusza biura; handlowiec
2026-10-02 08:10,L-035,import,z arkusza biura; handlowiec
2026-10-02 09:40,L-036,import,z arkusza biura; bez_opiekuna
2026-10-02 11:20,L-037,import,z arkusza biura; handlowiec
2026-10-02 15:05,L-038,import,z arkusza biura; handlowiec; pewny duplikat L-031 (telefon)
2026-10-03 09:00,L-039,import,z arkusza biura; handlowiec
2026-10-04 19:30,L-040,import,z arkusza biura; handlowiec
