lead_id,data_zgloszenia,zrodlo,firma,osoba,email,telefon,miasto,wojewodztwo,zainteresowanie,szac_wartosc_pln,wiadomosc,pierwszy_kontakt
L-001,2026-09-21 08:14,formularz,Termo-Serwis Adamczyk,Paweł Adamczyk,biuro@termoserwis-adamczyk.example,+48 601 223 410,Łódź,łódzkie,pompy ciepła,24000,"Szukamy dostawcy pomp ciepła na sezon, ok. 6 szt.",2026-09-23 10:15
L-002,2026-09-21 10:02,mail,Klimax Instalacje,Joanna Mazur,j.mazur@klimax.example,602-118-904,Kraków,małopolskie,klimatyzacja,15000,"Prośba o cennik split 3,5 kW",2026-09-25 14:05
L-003,2026-09-21 16:47,formularz,Instalbud Grabowski,Marek Grabowski,m.grabowski@instalbud.example,603 450 112,Białystok,podlaskie,pompy ciepła,40000,"Chcemy zostać partnerem w regionie, kto się nami zajmie?",
L-004,2026-09-22 07:55,formularz,Ekoterm Sp. z o.o.,Agnieszka Wójcik,a.wojcik@ekoterm.example,+48604777321,Katowice,śląskie,rekuperacja,32000,"Inwestycja 12 domów, potrzebna wycena",2026-09-22 11:05
L-005,2026-09-22 09:30,telefon,Hydro-Max,Robert Kamiński,r.kaminski@hydromax.example,605 300 999,Poznań,wielkopolskie,pompy ciepła,18000,Oddzwonić w sprawie warunków handlowych,
L-006,2026-09-22 12:12,formularz,Inst-Pol Zielińscy,Tomasz Zieliński,kontakt@instpol.example,606-412-388,Gdańsk,pomorskie,klimatyzacja,9000,Klimatyzacja do biura 2 jednostki,2026-09-23 08:30
L-007,2026-09-22 14:20,formularz,Instal-Tech Kowalczyk,Andrzej Kowalczyk,a.kowalczyk@instaltech.example,+48 607 210 530,Radom,mazowieckie,pompy ciepła,56000,"Szukamy nowego dostawcy, ok. 14 pomp na rok",
L-008,2026-09-23 08:05,mail,Ciepło-Dom,Barbara Krawczyk,b.krawczyk@cieplodom.example,608 101 202,Wrocław,dolnośląskie,pompy ciepła,21000,Czy macie szkolenia dla instalatorów?,2026-09-23 15:20
L-009,2026-09-23 10:44,formularz,Zielona Energia Gorzów,Krzysztof Pawlak,k.pawlak@zielonaenergia.example,609-555-018,Gorzów Wielkopolski,lubuskie,pompy ciepła,180000,"Hurtownia instalacyjna, 3 oddziały. Chcemy wejść z Waszymi pompami do oferty, prosimy o spotkanie.",
L-010,2026-09-23 13:15,formularz,Termika Lublin,Monika Dudek,m.dudek@termika.example,+48 610 404 404,Lublin,lubelskie,rekuperacja,12000,Wycena rekuperatora do domu 160 m2,2026-09-24 10:00
L-011,2026-09-24 07:40,telefon,Instal Szczecin,Grzegorz Kaczmarek,g.kaczmarek@instalszczecin.example,611 222 333,Szczecin,zachodniopomorskie,klimatyzacja,8000,Pytanie o dostępność multisplit,
L-012,2026-09-24 09:10,formularz,PHU Termo-Lux,Iwona Piotrowska,biuro@termolux.example,612-909-808,Rzeszów,podkarpackie,pompy ciepła,27000,Chcemy zamówić próbnie 3 szt.,2026-09-24 14:45
L-013,2026-09-24 11:25,formularz,Eko-Instal Suwałki,Dariusz Sadowski,d.sadowski@ekoinstal.example,613 777 120,Suwałki,podlaskie,klimatyzacja,6000,Proszę o kontakt telefoniczny,
L-014,2026-09-24 15:50,mail,Bydgoskie Instalacje,Natalia Michalska,n.michalska@bydinst.example,+48614321987,Bydgoszcz,kujawsko-pomorskie,pompy ciepła,19000,Interesuje nas program partnerski,2026-09-25 09:30
L-015,2026-09-25 08:01,formularz,Opolterm,Łukasz Jabłoński,l.jablonski@opolterm.example,615 880 440,Opole,opolskie,rekuperacja,11000,Wycena dla klienta końcowego,
L-016,2026-09-25 08:09,formularz,Opolterm,Łukasz Jabłoński,l.jablonski@opolterm.example,615880440,Opole,opolskie,rekuperacja,11000,Wycena dla klienta końcowego,
L-017,2026-09-25 12:30,formularz,Olsztyn Klima,Sylwia Nowicka,s.nowicka@olsztynklima.example,616-232-454,Olsztyn,warmińsko-mazurskie,klimatyzacja,14000,Klimatyzacja do sklepu,2026-09-30 10:20
L-018,2026-09-26 09:45,formularz,Warszawskie Centrum Klimatyzacji,Adam Wieczorek,a.wieczorek@wck.example,+48 617 111 909,Warszawa,mazowieckie,klimatyzacja,45000,"Duże biuro, 20 jednostek, termin na listopad",
L-019,2026-09-25 15:20,telefon,Instalatorstwo J. Baran,Jan Baran,,618 404 707,Kielce,świętokrzyskie,pompy ciepła,9000,"Dzwonił, nie ma maila. Prosi o oddzwonienie po 15.",
L-020,2026-09-26 14:35,formularz,Zielonogórska Termotechnika,Ewelina Szymańska,e.szymanska@zgtermo.example,619-300-301,Zielona Góra,lubuskie,rekuperacja,22000,Prosimy o ofertę dla dewelopera,
L-021,2026-09-28 08:20,formularz,Łódzkie Pompy,Rafał Górski,r.gorski@lodzkiepompy.example,620 909 909,Piotrków Trybunalski,łódzkie,pompy ciepła,16000,Czy jest możliwy kredyt kupiecki?,2026-09-28 12:10
L-022,2026-09-28 10:05,formularz,Tarnów Instal,Dorota Kubiak,d.kubiak@tarnowinstal.example,+48 621 456 456,Tarnów,małopolskie,klimatyzacja,7000,Wycena 2 klimatyzatorów,
L-023,2026-09-28 13:40,mail,Instal-Tech Kowalczyk,A. Kowalczyk,biuro@instaltech.example,607210530,Radom,mazowieckie,pompy ciepła,56000,"Ponawiam zapytanie z zeszłego tygodnia, nikt się nie odezwał.",
L-024,2026-09-28 16:00,formularz,Gliwicka Energia,Paweł Stępień,p.stepien@gliwickaenergia.example,622-121-343,Gliwice,śląskie,pompy ciepła,38000,"Duża inwestycja, prosimy o pilny kontakt",
L-025,2026-09-29 07:30,formularz,Termo-Kalisz,Magdalena Lewandowska,m.lewandowska@termokalisz.example,623 456 789,Kalisz,wielkopolskie,rekuperacja,13000,Pytanie o terminy dostaw,2026-10-01 15:10
L-026,2026-09-29 09:15,telefon,Łomżyńskie Instalacje,Marcin Wróbel,m.wrobel@lominst.example,+48 624 000 111,Łomża,podlaskie,pompy ciepła,15000,Chce porozmawiać z handlowcem z regionu,
L-027,2026-09-29 11:50,formularz,Instal Kielce Plus,Renata Ostrowska,r.ostrowska@instalkielce.example,625-333-777,Kielce,,klimatyzacja,10000,Klimatyzacja do salonu fryzjerskiego,
L-028,2026-09-30 08:00,formularz,Pomorskie Ciepło,Jakub Malinowski,j.malinowski@pomorskiecieplo.example,626 101 101,Gdynia,pomorskie,pompy ciepła,29000,Prośba o katalog i cennik,2026-09-30 09:10
L-029,2026-09-30 10:30,formularz,Torklima,Alicja Jasińska,a.jasinska@torklima.example,+48627888222,Toruń,kujawsko-pomorskie,klimatyzacja,8500,Wycena montażu w hali,
L-030,2026-09-30 13:05,mail,Legnica Termo,Henryk Zalewski,h.zalewski@legnicatermo.example,628 202 303,Legnica,dolnośląskie,rekuperacja,17000,Interesują nas rekuperatory naścienne,
L-031,2026-10-01 08:45,formularz,ZPH Termex,Wojciech Kozłowski,w.kozlowski@termex.example,629-707-505,Płock,mazowieckie,pompy ciepła,33000,Zapytanie o warunki dla instalatora,
L-032,2026-10-01 10:10,formularz,Lubelskie Pompy Ciepła,Ewa Witkowska,e.witkowska@lubpompy.example,630 818 919,Zamość,lubelskie,pompy ciepła,20000,Proszę o kontakt w sprawie oferty,
L-033,2026-10-01 12:00,formularz,Żarskie Instalacje,Stanisław Duda,s.duda@zarskieinst.example,+48 631 515 616,Żary,lubuskie,klimatyzacja,5000,Jedna klimatyzacja do domu,
L-034,2026-10-01 14:30,telefon,Klima-Częstochowa,Beata Kołodziej,b.kolodziej@klimacz.example,632-414-525,Częstochowa,śląskie,klimatyzacja,12000,"Oddzwonić, pyta o serwis gwarancyjny",
L-035,2026-10-02 08:10,formularz,Koszalin Instal,Patryk Kubacki,p.kubacki@koszalininstal.example,633 999 000,Koszalin,zachodniopomorskie,pompy ciepła,25000,Chcemy zostać partnerem,
L-036,2026-10-02 09:40,formularz,Białostockie Centrum Grzewcze,Karolina Sikora,k.sikora@bcg.example,634-210-210,Białystok,podlaskie,pompy ciepła,60000,"Sieć 2 sklepów, szukamy dostawcy na 2027",
L-037,2026-10-02 11:20,mail,Elbląg Klima,Tadeusz Mróz,t.mroz@elblagklima.example,+48 635 676 767,Elbląg,warmińsko-mazurskie,klimatyzacja,9500,Proszę o ofertę,
L-038,2026-10-02 15:05,formularz,Termex ZPH Sp. j.,W. Kozłowski,w.kozlowski@termex.example,+48 629 707 505,Płock,mazowieckie,pompy ciepła,33000,Czy dostanę odpowiedź na wcześniejsze zapytanie?,
L-039,2026-10-03 09:00,formularz,Krosno Energia,Zofia Wojciechowska,z.wojciechowska@krosnoenergia.example,636 345 345,Krosno,podkarpackie,rekuperacja,14000,Wycena rekuperacji dla 4 domów,
L-040,2026-10-04 19:30,formularz,Mazowiecka Termotechnika,Krystian Baranowski,k.baranowski@mazterm.example,637-121-232,Siedlce,mazowieckie,pompy ciepła,41000,"Pilne, inwestycja startuje w październiku",
