lead_id,data_zgloszenia,zrodlo,firma,osoba,email,telefon,miasto,wojewodztwo,zainteresowanie,szac_wartosc_pln,wiadomosc,telefon_norm,firma_klucz,wojewodztwo_zrodlo,routing,handlowiec_id,handlowiec,duplikat_of,duplikat_typ,duplikat_powod,status,pierwszy_kontakt,kontakt_kto,proby,sla_poziom,token,aktualizacja,notatka
L-001,2026-09-21 08:14,formularz,Termo-Serwis Adamczyk,Paweł Adamczyk,biuro@termoserwis-adamczyk.example,+48 601 223 410,Łódź,łódzkie,pompy ciepła,24000,"Szukamy dostawcy pomp ciepła na sezon, ok. 6 szt.",+48601223410,adamczyk serwis termo,formularz,handlowiec,H1,Tomasz Wrona,,,,dodzwoniono,2026-09-23 10:15,H1,1,0,1cc431ad46d25702,2026-10-04 23:59,
L-002,2026-09-21 10:02,mail,Klimax Instalacje,Joanna Mazur,j.mazur@klimax.example,602-118-904,Kraków,małopolskie,klimatyzacja,15000,"Prośba o cennik split 3,5 kW",+48602118904,instalacje klimax,formularz,handlowiec,H2,Katarzyna Lis,,,,dodzwoniono,2026-09-25 14:05,H2,1,0,277e9dfd9f57f708,2026-10-04 23:59,
L-003,2026-09-21 16:47,formularz,Instalbud Grabowski,Marek Grabowski,m.grabowski@instalbud.example,603 450 112,Białystok,podlaskie,pompy ciepła,40000,"Chcemy zostać partnerem w regionie, kto się nami zajmie?",+48603450112,grabowski instalbud,formularz,bez_opiekuna,,,,,,nowy,,,0,3,b26dfabe0c56961b,2026-10-04 23:59,
L-004,2026-09-22 07:55,formularz,Ekoterm Sp. z o.o.,Agnieszka Wójcik,a.wojcik@ekoterm.example,+48604777321,Katowice,śląskie,rekuperacja,32000,"Inwestycja 12 domów, potrzebna wycena",+48604777321,ekoterm,formularz,handlowiec,H3,Piotr Nowak,,,,dodzwoniono,2026-09-22 11:05,H3,1,0,5c66120b317dd65f,2026-10-04 23:59,
L-005,2026-09-22 09:30,telefon,Hydro-Max,Robert Kamiński,r.kaminski@hydromax.example,605 300 999,Poznań,wielkopolskie,pompy ciepła,18000,Oddzwonić w sprawie warunków handlowych,+48605300999,hydro max,formularz,handlowiec,H4,Bartosz Zając,,,,nowy,,,0,3,b2ad4b8ac582bc25,2026-10-04 23:59,
L-006,2026-09-22 12:12,formularz,Inst-Pol Zielińscy,Tomasz Zieliński,kontakt@instpol.example,606-412-388,Gdańsk,pomorskie,klimatyzacja,9000,Klimatyzacja do biura 2 jednostki,+48606412388,inst pol zielińscy,formularz,handlowiec,H5,Ewa Sowa,,,,dodzwoniono,2026-09-23 08:30,H5,1,0,3c6b456f4037bde4,2026-10-04 23:59,
L-007,2026-09-22 14:20,formularz,Instal-Tech Kowalczyk,Andrzej Kowalczyk,a.kowalczyk@instaltech.example,+48 607 210 530,Radom,mazowieckie,pompy ciepła,56000,"Szukamy nowego dostawcy, ok. 14 pomp na rok",+48607210530,instal kowalczyk tech,formularz,handlowiec,H1,Tomasz Wrona,,,,nowy,,,0,3,7ce4aada7fa0ada6,2026-10-04 23:59,
L-008,2026-09-23 08:05,mail,Ciepło-Dom,Barbara Krawczyk,b.krawczyk@cieplodom.example,608 101 202,Wrocław,dolnośląskie,pompy ciepła,21000,Czy macie szkolenia dla instalatorów?,+48608101202,ciepło dom,formularz,handlowiec,H6,Michał Kruk,,,,dodzwoniono,2026-09-23 15:20,H6,1,0,7d65e7f59b9f80d4,2026-10-04 23:59,
L-009,2026-09-23 10:44,formularz,Zielona Energia Gorzów,Krzysztof Pawlak,k.pawlak@zielonaenergia.example,609-555-018,Gorzów Wielkopolski,lubuskie,pompy ciepła,180000,"Hurtownia instalacyjna, 3 oddziały. Chcemy wejść z Waszymi pompami do oferty, prosimy o spotkanie.",+48609555018,energia gorzów zielona,formularz,bez_opiekuna,,,,,,nowy,,,0,3,e978f6693e8af8e2,2026-10-04 23:59,
L-010,2026-09-23 13:15,formularz,Termika Lublin,Monika Dudek,m.dudek@termika.example,+48 610 404 404,Lublin,lubelskie,rekuperacja,12000,Wycena rekuperatora do domu 160 m2,+48610404404,lublin termika,formularz,handlowiec,H2,Katarzyna Lis,,,,dodzwoniono,2026-09-24 10:00,H2,1,0,12ba61125232c429,2026-10-04 23:59,
L-011,2026-09-24 07:40,telefon,Instal Szczecin,Grzegorz Kaczmarek,g.kaczmarek@instalszczecin.example,611 222 333,Szczecin,zachodniopomorskie,klimatyzacja,8000,Pytanie o dostępność multisplit,+48611222333,instal szczecin,formularz,handlowiec,H5,Ewa Sowa,,,,nowy,,,0,3,b1f04691178c7a50,2026-10-04 23:59,
L-012,2026-09-24 09:10,formularz,PHU Termo-Lux,Iwona Piotrowska,biuro@termolux.example,612-909-808,Rzeszów,podkarpackie,pompy ciepła,27000,Chcemy zamówić próbnie 3 szt.,+48612909808,lux termo,formularz,handlowiec,H2,Katarzyna Lis,,,,dodzwoniono,2026-09-24 14:45,H2,1,0,a1f950a9772c3249,2026-10-04 23:59,
L-013,2026-09-24 11:25,formularz,Eko-Instal Suwałki,Dariusz Sadowski,d.sadowski@ekoinstal.example,613 777 120,Suwałki,podlaskie,klimatyzacja,6000,Proszę o kontakt telefoniczny,+48613777120,eko instal suwałki,formularz,bez_opiekuna,,,,,,nowy,,,0,3,a83069053adcf4ee,2026-10-04 23:59,
L-014,2026-09-24 15:50,mail,Bydgoskie Instalacje,Natalia Michalska,n.michalska@bydinst.example,+48614321987,Bydgoszcz,kujawsko-pomorskie,pompy ciepła,19000,Interesuje nas program partnerski,+48614321987,bydgoskie instalacje,formularz,handlowiec,H4,Bartosz Zając,,,,dodzwoniono,2026-09-25 09:30,H4,1,0,1e48f5de1c740d3d,2026-10-04 23:59,
L-015,2026-09-25 08:01,formularz,Opolterm,Łukasz Jabłoński,l.jablonski@opolterm.example,615 880 440,Opole,opolskie,rekuperacja,11000,Wycena dla klienta końcowego,+48615880440,opolterm,formularz,handlowiec,H3,Piotr Nowak,,,,nowy,,,0,3,f285ee141cbdc7c3,2026-10-04 23:59,
L-016,2026-09-25 08:09,formularz,Opolterm,Łukasz Jabłoński,l.jablonski@opolterm.example,615880440,Opole,opolskie,rekuperacja,11000,Wycena dla klienta końcowego,+48615880440,opolterm,formularz,handlowiec,H3,Piotr Nowak,L-015,pewny,telefon,nowy,,,0,0,b8948e8a0b700dcf,2026-10-04 23:59,
L-017,2026-09-25 12:30,formularz,Olsztyn Klima,Sylwia Nowicka,s.nowicka@olsztynklima.example,616-232-454,Olsztyn,warmińsko-mazurskie,klimatyzacja,14000,Klimatyzacja do sklepu,+48616232454,klima olsztyn,formularz,handlowiec,H5,Ewa Sowa,,,,dodzwoniono,2026-09-30 10:20,H5,1,0,4fe7c4eebd1459fb,2026-10-04 23:59,
L-018,2026-09-26 09:45,formularz,Warszawskie Centrum Klimatyzacji,Adam Wieczorek,a.wieczorek@wck.example,+48 617 111 909,Warszawa,mazowieckie,klimatyzacja,45000,"Duże biuro, 20 jednostek, termin na listopad",+48617111909,centrum klimatyzacji warszawskie,formularz,handlowiec,H1,Tomasz Wrona,,,,nowy,,,0,3,696b3edd9c4b4163,2026-10-04 23:59,
L-019,2026-09-25 15:20,telefon,Instalatorstwo J. Baran,Jan Baran,,618 404 707,Kielce,świętokrzyskie,pompy ciepła,9000,"Dzwonił, nie ma maila. Prosi o oddzwonienie po 15.",+48618404707,baran instalatorstwo j,formularz,handlowiec,H2,Katarzyna Lis,,,,nowy,,,0,3,c6de238cc9e02893,2026-10-04 23:59,
L-020,2026-09-26 14:35,formularz,Zielonogórska Termotechnika,Ewelina Szymańska,e.szymanska@zgtermo.example,619-300-301,Zielona Góra,lubuskie,rekuperacja,22000,Prosimy o ofertę dla dewelopera,+48619300301,termotechnika zielonogórska,formularz,bez_opiekuna,,,,,,nowy,,,0,3,6408b8ee7bcdf7ac,2026-10-04 23:59,
L-021,2026-09-28 08:20,formularz,Łódzkie Pompy,Rafał Górski,r.gorski@lodzkiepompy.example,620 909 909,Piotrków Trybunalski,łódzkie,pompy ciepła,16000,Czy jest możliwy kredyt kupiecki?,+48620909909,pompy łódzkie,formularz,handlowiec,H1,Tomasz Wrona,,,,dodzwoniono,2026-09-28 12:10,H1,1,0,c20815af831d9720,2026-10-04 23:59,
L-022,2026-09-28 10:05,formularz,Tarnów Instal,Dorota Kubiak,d.kubiak@tarnowinstal.example,+48 621 456 456,Tarnów,małopolskie,klimatyzacja,7000,Wycena 2 klimatyzatorów,+48621456456,instal tarnów,formularz,handlowiec,H2,Katarzyna Lis,,,,nowy,,,0,3,34138cbe38b41562,2026-10-04 23:59,
L-023,2026-09-28 13:40,mail,Instal-Tech Kowalczyk,A. Kowalczyk,biuro@instaltech.example,607210530,Radom,mazowieckie,pompy ciepła,56000,"Ponawiam zapytanie z zeszłego tygodnia, nikt się nie odezwał.",+48607210530,instal kowalczyk tech,formularz,handlowiec,H1,Tomasz Wrona,L-007,pewny,telefon,nowy,,,0,0,48d2c525cb35371e,2026-10-04 23:59,
L-024,2026-09-28 16:00,formularz,Gliwicka Energia,Paweł Stępień,p.stepien@gliwickaenergia.example,622-121-343,Gliwice,śląskie,pompy ciepła,38000,"Duża inwestycja, prosimy o pilny kontakt",+48622121343,energia gliwicka,formularz,handlowiec,H3,Piotr Nowak,,,,nowy,,,0,3,23b725aa38d8b038,2026-10-04 23:59,
L-025,2026-09-29 07:30,formularz,Termo-Kalisz,Magdalena Lewandowska,m.lewandowska@termokalisz.example,623 456 789,Kalisz,wielkopolskie,rekuperacja,13000,Pytanie o terminy dostaw,+48623456789,kalisz termo,formularz,handlowiec,H4,Bartosz Zając,,,,dodzwoniono,2026-10-01 15:10,H4,1,0,8b2cfa834354e6e2,2026-10-04 23:59,
L-026,2026-09-29 09:15,telefon,Łomżyńskie Instalacje,Marcin Wróbel,m.wrobel@lominst.example,+48 624 000 111,Łomża,podlaskie,pompy ciepła,15000,Chce porozmawiać z handlowcem z regionu,+48624000111,instalacje łomżyńskie,formularz,bez_opiekuna,,,,,,nowy,,,0,3,2a034b54ba9de547,2026-10-04 23:59,
L-027,2026-09-29 11:50,formularz,Instal Kielce Plus,Renata Ostrowska,r.ostrowska@instalkielce.example,625-333-777,Kielce,świętokrzyskie,klimatyzacja,10000,Klimatyzacja do salonu fryzjerskiego,+48625333777,instal kielce plus,miasto,handlowiec,H2,Katarzyna Lis,,,,nowy,,,0,3,bb2ff8584a3f0ed8,2026-10-04 23:59,
L-028,2026-09-30 08:00,formularz,Pomorskie Ciepło,Jakub Malinowski,j.malinowski@pomorskiecieplo.example,626 101 101,Gdynia,pomorskie,pompy ciepła,29000,Prośba o katalog i cennik,+48626101101,ciepło pomorskie,formularz,handlowiec,H5,Ewa Sowa,,,,dodzwoniono,2026-09-30 09:10,H5,1,0,abf7e6a73f6ae393,2026-10-04 23:59,
L-029,2026-09-30 10:30,formularz,Torklima,Alicja Jasińska,a.jasinska@torklima.example,+48627888222,Toruń,kujawsko-pomorskie,klimatyzacja,8500,Wycena montażu w hali,+48627888222,torklima,formularz,handlowiec,H4,Bartosz Zając,,,,nowy,,,0,3,2bf970b99e7d6670,2026-10-04 23:59,
L-030,2026-09-30 13:05,mail,Legnica Termo,Henryk Zalewski,h.zalewski@legnicatermo.example,628 202 303,Legnica,dolnośląskie,rekuperacja,17000,Interesują nas rekuperatory naścienne,+48628202303,legnica termo,formularz,handlowiec,H6,Michał Kruk,,,,nowy,,,0,3,5543dee6965d24c6,2026-10-04 23:59,
L-031,2026-10-01 08:45,formularz,ZPH Termex,Wojciech Kozłowski,w.kozlowski@termex.example,629-707-505,Płock,mazowieckie,pompy ciepła,33000,Zapytanie o warunki dla instalatora,+48629707505,termex,formularz,handlowiec,H1,Tomasz Wrona,,,,nowy,,,0,2,9a718434202a2130,2026-10-04 23:59,
L-032,2026-10-01 10:10,formularz,Lubelskie Pompy Ciepła,Ewa Witkowska,e.witkowska@lubpompy.example,630 818 919,Zamość,lubelskie,pompy ciepła,20000,Proszę o kontakt w sprawie oferty,+48630818919,ciepła lubelskie pompy,formularz,handlowiec,H2,Katarzyna Lis,,,,nowy,,,0,2,d485220c1346f48d,2026-10-04 23:59,
L-033,2026-10-01 12:00,formularz,Żarskie Instalacje,Stanisław Duda,s.duda@zarskieinst.example,+48 631 515 616,Żary,lubuskie,klimatyzacja,5000,Jedna klimatyzacja do domu,+48631515616,instalacje żarskie,formularz,bez_opiekuna,,,,,,nowy,,,0,2,e9fc7b4d49ca6b2e,2026-10-04 23:59,
L-034,2026-10-01 14:30,telefon,Klima-Częstochowa,Beata Kołodziej,b.kolodziej@klimacz.example,632-414-525,Częstochowa,śląskie,klimatyzacja,12000,"Oddzwonić, pyta o serwis gwarancyjny",+48632414525,częstochowa klima,formularz,handlowiec,H3,Piotr Nowak,,,,nowy,,,0,2,edd7b8b39b83e8b6,2026-10-04 23:59,
L-035,2026-10-02 08:10,formularz,Koszalin Instal,Patryk Kubacki,p.kubacki@koszalininstal.example,633 999 000,Koszalin,zachodniopomorskie,pompy ciepła,25000,Chcemy zostać partnerem,+48633999000,instal koszalin,formularz,handlowiec,H5,Ewa Sowa,,,,nowy,,,0,1,fc6f08bc51be18b4,2026-10-04 23:59,
L-036,2026-10-02 09:40,formularz,Białostockie Centrum Grzewcze,Karolina Sikora,k.sikora@bcg.example,634-210-210,Białystok,podlaskie,pompy ciepła,60000,"Sieć 2 sklepów, szukamy dostawcy na 2027",+48634210210,białostockie centrum grzewcze,formularz,bez_opiekuna,,,,,,nowy,,,0,1,7ab9dfa706198f8e,2026-10-04 23:59,
L-037,2026-10-02 11:20,mail,Elbląg Klima,Tadeusz Mróz,t.mroz@elblagklima.example,+48 635 676 767,Elbląg,warmińsko-mazurskie,klimatyzacja,9500,Proszę o ofertę,+48635676767,elbląg klima,formularz,handlowiec,H5,Ewa Sowa,,,,nowy,,,0,1,c3907d58a6e0fc26,2026-10-04 23:59,
L-038,2026-10-02 15:05,formularz,Termex ZPH Sp. j.,W. Kozłowski,w.kozlowski@termex.example,+48 629 707 505,Płock,mazowieckie,pompy ciepła,33000,Czy dostanę odpowiedź na wcześniejsze zapytanie?,+48629707505,termex,formularz,handlowiec,H1,Tomasz Wrona,L-031,pewny,telefon,nowy,,,0,0,8a5cefbb77f2a976,2026-10-04 23:59,
L-039,2026-10-03 09:00,formularz,Krosno Energia,Zofia Wojciechowska,z.wojciechowska@krosnoenergia.example,636 345 345,Krosno,podkarpackie,rekuperacja,14000,Wycena rekuperacji dla 4 domów,+48636345345,energia krosno,formularz,handlowiec,H2,Katarzyna Lis,,,,nowy,,,0,0,163c423ed6d14cb8,2026-10-04 23:59,
L-040,2026-10-04 19:30,formularz,Mazowiecka Termotechnika,Krystian Baranowski,k.baranowski@mazterm.example,637-121-232,Siedlce,mazowieckie,pompy ciepła,41000,"Pilne, inwestycja startuje w październiku",+48637121232,mazowiecka termotechnika,formularz,handlowiec,H1,Tomasz Wrona,,,,nowy,,,0,0,81ecc730e75fcfdd,2026-10-04 23:59,
